{
  "lang":"en",
  "name":"pipeline",
  "version":"0.0.0",
  "spacy_version":">=3.7.4,<3.8.0",
  "description":"",
  "author":"",
  "email":"",
  "url":"",
  "license":"",
  "spacy_git_version":"bff8725f4",
  "vectors":{
    "width":0,
    "vectors":0,
    "keys":0,
    "name":null,
    "mode":"default"
  },
  "labels":{
    "tok2vec":[

    ],
    "ner":[
      "College Name",
      "Companies worked at",
      "Degree",
      "Designation",
      "Email Address",
      "Graduation Year",
      "Location",
      "Name",
      "Skills",
      "UNKNOWN",
      "Years of Experience"
    ]
  },
  "pipeline":[
    "tok2vec",
    "ner"
  ],
  "components":[
    "tok2vec",
    "ner"
  ],
  "disabled":[

  ],
  "performance":{
    "ents_f":0.4848891874,
    "ents_p":0.5570987654,
    "ents_r":0.4292508918,
    "ents_per_type":{
      "Name":{
        "p":0.8888888889,
        "r":0.7741935484,
        "f":0.8275862069
      },
      "Companies worked at":{
        "p":0.3705583756,
        "r":0.4101123596,
        "f":0.3893333333
      },
      "Email Address":{
        "p":0.8392857143,
        "r":0.9038461538,
        "f":0.8703703704
      },
      "College Name":{
        "p":0.5072463768,
        "r":0.4268292683,
        "f":0.4635761589
      },
      "Designation":{
        "p":0.6081081081,
        "r":0.3879310345,
        "f":0.4736842105
      },
      "Location":{
        "p":0.4943820225,
        "r":0.4112149533,
        "f":0.4489795918
      },
      "Degree":{
        "p":0.6865671642,
        "r":0.5609756098,
        "f":0.6174496644
      },
      "Graduation Year":{
        "p":0.5625,
        "r":0.1168831169,
        "f":0.1935483871
      },
      "Skills":{
        "p":0.6363636364,
        "r":0.1917808219,
        "f":0.2947368421
      },
      "Years of Experience":{
        "p":0.0,
        "r":0.0,
        "f":0.0
      }
    },
    "tok2vec_loss":6783.5571981221,
    "ner_loss":3484.8982224985
  }
}